tweet_id,tweet_text
1,@narendramodi The entire world now sees Modi ji as a representative of God who was born and brought up in India to‚Ä¶ https://t.co/1XLszRxz0V
2,"RT @Azim80431333: #BeediLivelihoodsMatter @narendramodi @PMOIndia #BeediLivelihoodsMatter 
@narendramodi @PMOIndia 
Shri Hon'ble Narendra M‚Ä¶"
3,"RT @DrAVSriv: 1. Who do you (Kerala voters) think is the most suitable candidate for the post of PM of India?

‚Ä¢Narendra Modi: 31.95%
‚Ä¢Rahu‚Ä¶"
4,"RT @Arvindgmt: Today, on the occasion of Women's Day, the Prime Minister, Shri Narendra Modi bought products from various women Self Help G‚Ä¶"
5,RT @ashokgehlot51: Attended the meeting of the National Committee for commemoration of 75th Anniversary of India's Independence under chair‚Ä¶
6,RT @kirthurgan: Narendra Modi  Prime Minister     : India‚Äôs Temple Elephant‚Äôs Desperately in Need of Help - Sign the Petition! https://t.co‚Ä¶
7,"RT @MdMostakimHoqu1: #BeediLivelihoodsMatter 
@narendramodi @PMOIndia 
Shri Hon'ble Narendra Modi Saheb  I requested to repeal the quota la‚Ä¶"
8,"RT @ArunSharma_Says: Dr Manmohan Singh was a STRONGER Prime Minister than Narendra Modi!

RT if you agree ......"
9,"RT @SalmanSoz: Even in a state where people prefer Rahul Gandhi to Narendra Modi for the post of Prime Minister, Godi Media can't help but‚Ä¶"
10,"RT @Reuters: Faced with the protests, Prime Minister Narendra Modi‚Äôs government offered to suspend the laws for 18 months, but the farmers‚Ä¶"
11,"RT @ArunSharma_Says: Dr Manmohan Singh was a STRONGER Prime Minister than Narendra Modi!

RT if you agree ......"
12,"RT @sridharreddyko3: Today, on the occasion of Women‚Äôs Day, the Prime Minister, Shri Narendra Modi ji bought products from various women Se‚Ä¶"
13,"RT @Suvarnashre: Anyone -Muslims,Hindu,Christian or atheist-who values the rule of law, democracy , freedom from group identity &amp; the world‚Ä¶"
14,"RT @Arvindgmt: Today, on the occasion of Women's Day, the Prime Minister, Shri Narendra Modi bought products from various women Self Help G‚Ä¶"
15,@republic SMITA PRAKASH IS BRILLIANT AGAINüëåNARENDRA MODI IS P.M. ELECTED THROUGH A POLITICAL PROCESS KNOWN AS PARLI‚Ä¶ https://t.co/I2aeXtpmnv
16,"RT @Suvarnashre: Anyone -Muslims,Hindu,Christian or atheist-who values the rule of law, democracy , freedom from group identity &amp; the world‚Ä¶"
17,"RT @ndtv: #LeftRightCentre | Debjani Bhattacharya, Columnist, on the war-of-words between Prime Minister Narendra Modi and #WestBengal Chie‚Ä¶"
18,"RT @TimesNow: Who do you (Kerala voters) think is the most suitable candidate for the post of PM of India?
‚Ä¢Narendra Modi: 31.95%
‚Ä¢Rahul Ga‚Ä¶"
19,"RT @RizviUzair: Scores of Rohingya who fled persecution in Myanmar are being held in a detention centre in India

Hindu-nationalist governm‚Ä¶"
20,RT @ANI: Prime Minister Narendra Modi will release 11 volumes of the manuscript with commentaries by 21 scholars on shlokas of Bhagavad Git‚Ä¶
21,"RT @ArunSharma_Says: Dr Manmohan Singh was a STRONGER Prime Minister than Narendra Modi!

RT if you agree ......"
22,"RT @ArunSharma_Says: Dr Manmohan Singh was a STRONGER Prime Minister than Narendra Modi!

RT if you agree ......"
23,"RT @ArunSharma_Says: Dr Manmohan Singh was a STRONGER Prime Minister than Narendra Modi!

RT if you agree ......"
24,"RT @rawal_sanjan: On This Women's Day Let's Not Forget The India's Bravest Journalist Gauri Lankesh

She Was Shot Down At Her Door Steps On‚Ä¶"
25,"RT @ndtv: #LeftRightCentre | Debjani Bhattacharya, Columnist, on the war-of-words between Prime Minister Narendra Modi and #WestBengal Chie‚Ä¶"
26,"RT @ArunSharma_Says: Dr Manmohan Singh was a STRONGER Prime Minister than Narendra Modi!

RT if you agree ......"
27,"RT @ArunSharma_Says: Dr Manmohan Singh was a STRONGER Prime Minister than Narendra Modi!

RT if you agree ......"
28,"RT @ndtv: #LeftRightCentre | Debjani Bhattacharya, Columnist, on the war-of-words between Prime Minister Narendra Modi and #WestBengal Chie‚Ä¶"
29,"RT @IPL: üö®  BCCI announces schedule for VIVO IPL 2021 üö®

The season will kickstart on 9th April in Chennai and the final will take place on‚Ä¶"
30,"RT @ArunSharma_Says: Dr Manmohan Singh was a STRONGER Prime Minister than Narendra Modi!

RT if you agree ......"
31,"RT @vinayak_jain: Narendra Modi in Bengal. Amit Shah in TN. Himanta Biswa in Assam.

It is demeaning to such leaders when people say ‚ÄòBJP w‚Ä¶"
32,"RT @Reuters: Faced with the protests, Prime Minister Narendra Modi‚Äôs government offered to suspend the laws for 18 months, but the farmers‚Ä¶"
33,"RT @ArunSharma_Says: Dr Manmohan Singh was a STRONGER Prime Minister than Narendra Modi!

RT if you agree ......"
34,"RT @hindumax: Mallus have become laughing stock by choosing Rahul Gandhi over Narendra Modi.
Their icon is a laughing stock for the rest of‚Ä¶"
35,RT @ANI: Prime Minister Narendra Modi will release 11 volumes of the manuscript with commentaries by 21 scholars on shlokas of Bhagavad Git‚Ä¶
36,"RT @TimesNow: Who do you (Kerala voters) think is the most suitable candidate for the post of PM of India?
‚Ä¢Narendra Modi: 31.95%
‚Ä¢Rahul Ga‚Ä¶"
37,"RT @ndtv: #LeftRightCentre | Debjani Bhattacharya, Columnist, on the war-of-words between Prime Minister Narendra Modi and #WestBengal Chie‚Ä¶"
38,"RT @ArunSharma_Says: Dr Manmohan Singh was a STRONGER Prime Minister than Narendra Modi!

RT if you agree ......"
39,"RT @vinayak_jain: Narendra Modi in Bengal. Amit Shah in TN. Himanta Biswa in Assam.

It is demeaning to such leaders when people say ‚ÄòBJP w‚Ä¶"
40,"RT @Reuters: Faced with the protests, Prime Minister Narendra Modi‚Äôs government offered to suspend the laws for 18 months, but the farmers‚Ä¶"
41,"RT @ArunSharma_Says: Dr Manmohan Singh was a STRONGER Prime Minister than Narendra Modi!

RT if you agree ......"
42,"RT @ndtv: #LeftRightCentre | Debjani Bhattacharya, Columnist, on the war-of-words between Prime Minister Narendra Modi and #WestBengal Chie‚Ä¶"
43,"RT @ArunSharma_Says: Dr Manmohan Singh was a STRONGER Prime Minister than Narendra Modi!

RT if you agree ......"
44,"RT @ArunSharma_Says: Dr Manmohan Singh was a STRONGER Prime Minister than Narendra Modi!

RT if you agree ......"
45,"#LeftRightCentre | Debjani Bhattacharya, Columnist, on the war-of-words between Prime Minister Narendra Modi and‚Ä¶ https://t.co/tGHgGP4myb"
46,"RT @ArunSharma_Says: Dr Manmohan Singh was a STRONGER Prime Minister than Narendra Modi!

RT if you agree ......"
47,"RT @ArunSharma_Says: Dr Manmohan Singh was a STRONGER Prime Minister than Narendra Modi!

RT if you agree ......"
48,"RT @ArunSharma_Says: Dr Manmohan Singh was a STRONGER Prime Minister than Narendra Modi!

RT if you agree ......"
49,"RT @moneycontrolcom: #InternationalWomensDay | PM @narendramodi buys tribal art painting to support 'Nari Shakti.' Read more here.‚§µÔ∏è 

@tri‚Ä¶"
50,"RT @Arvindgmt: Today, on the occasion of Women's Day, the Prime Minister, Shri Narendra Modi bought products from various women Self Help G‚Ä¶"
51,RT @ashokgehlot51: Attended the meeting of the National Committee for commemoration of 75th Anniversary of India's Independence under chair‚Ä¶
52,"RT @Arvindgmt: Today, on the occasion of Women's Day, the Prime Minister, Shri Narendra Modi bought products from various women Self Help G‚Ä¶"
53,RT @sagarikaghose: ‚ÄòIt‚Äôs good that you did not fall off your scooty.‚Äù India‚Äôs only woman CM ‚Å¶@MamataOfficial‚Å© rides a scooter to protest fu‚Ä¶
54,RT @AudaciousQuest_: Why don't you say clearly that Modi's 60% followers are fake? The fake perception will break down like a castle of car‚Ä¶
55,"RT @ArunSharma_Says: Dr Manmohan Singh was a STRONGER Prime Minister than Narendra Modi!

RT if you agree ......"
56,‚ÄúAmit Shah and Narendra Modi are two syndicate ministers who come to Bengal and lie. I respect the chair of a Prime‚Ä¶ https://t.co/OUOKRT9aCs
57,"RT @DrAVSriv: 1. Who do you (Kerala voters) think is the most suitable candidate for the post of PM of India?

‚Ä¢Narendra Modi: 31.95%
‚Ä¢Rahu‚Ä¶"
58,"RT @ashlinpmathew: But, do you know who se blames the bureaucracy for their own shortcomings and inefficiencies? Our Prime Minister Narendr‚Ä¶"
59,"RT @ndtv: #LeftRightCentre | Dinesh Trivedi, BJP Leader, on the unparliamentary language used by #WestBengal Chief Minister Mamata Banerjee‚Ä¶"
60,"RT @Saisudh71598421: The Foundation for Amaravati was Laid as per Hindu Rituals by Narendra Modi Ji, With Pandits Chanting Vedas following‚Ä¶"
61,"RT @Arvindgmt: Today, on the occasion of Women's Day, the Prime Minister, Shri Narendra Modi bought products from various women Self Help G‚Ä¶"
62,"RT @MdMostakimHoqu1: #BeediLivelihoodsMatter 
@narendramodi @PMOIndia 
Shri Hon'ble Narendra Modi Saheb  I requested to repeal the quota la‚Ä¶"
63,RT @PalashM17280548: #It‚Äôs high time for PM Narendra Modi to intervene in  states like UP and MP instead of preaching sermons about Women S‚Ä¶
64,"RT @Reuters: Faced with the protests, Prime Minister Narendra Modi‚Äôs government offered to suspend the laws for 18 months, but the farmers‚Ä¶"
65,"RT @PChettan: She has proved the power of being a stong independent woman.. 

A true inspiration for all independent woman in a male domina‚Ä¶"
66,"RT @Reuters: Faced with the protests, Prime Minister Narendra Modi‚Äôs government offered to suspend the laws for 18 months, but the farmers‚Ä¶"
67,"RT @Arvindgmt: Today, on the occasion of Women's Day, the Prime Minister, Shri Narendra Modi bought products from various women Self Help G‚Ä¶"
68,"RT @ArunSharma_Says: Dr Manmohan Singh was a STRONGER Prime Minister than Narendra Modi!

RT if you agree ......"
69,"RT @ArunSharma_Says: Dr Manmohan Singh was a STRONGER Prime Minister than Narendra Modi!

RT if you agree ......"
70,"RT @moneycontrolcom: #InternationalWomensDay | PM @narendramodi buys tribal art painting to support 'Nari Shakti.' Read more here.‚§µÔ∏è 

@tri‚Ä¶"
71,"RT @TimesNow: Who do you (Kerala voters) think is the most suitable candidate for the post of PM of India?
‚Ä¢Narendra Modi: 31.95%
‚Ä¢Rahul Ga‚Ä¶"
72,"RT @ArunSharma_Says: Dr Manmohan Singh was a STRONGER Prime Minister than Narendra Modi!

RT if you agree ......"
73,"RT @ArunSharma_Says: Dr Manmohan Singh was a STRONGER Prime Minister than Narendra Modi!

RT if you agree ......"
74,"RT @mannkibaat: PM Shri Narendra Modi buys Classic Palm Craft Nilavilakku made by women based in Kerala.

You can too buy them from https:/‚Ä¶"
75,"RT @mannkibaat: You have very often seen PM Shri Narendra Modi wearing the Gamusa . It is extremely comfortable.

Today, PM bought a Gamusa‚Ä¶"
76,"RT @mannkibaat: PM Shri Narendra Modi is going to use this handmade Jute File Folder from West Bengal. 

Made by tribal communities of the‚Ä¶"
77,"RT @mannkibaat: Khadi is closely associated with Mahatma Gandhi and India‚Äôs rich history. 

PM Shri Narendra Modi bought a Khadi Cotton Mad‚Ä¶"
78,RT @salimdotcomrade: The poor show of strength at Brigade Parade ground proves that #BJP's own party members in the state didn‚Äôt bother to‚Ä¶
79,RT @KfuFBOS7ThEstSe: It‚Äôs high time for PM Narendra Modi to intervene in  states like UP and MP instead of preaching sermons about Women Se‚Ä¶
80,"RT @Reuters: Faced with the protests, Prime Minister Narendra Modi‚Äôs government offered to suspend the laws for 18 months, but the farmers‚Ä¶"
81,"RT @ArunSharma_Says: Dr Manmohan Singh was a STRONGER Prime Minister than Narendra Modi!

RT if you agree ......"
82,"RT @mannkibaat: India is proud of the Naga Culture, synonymous with bravery, compassion and creativity. 

PM Shri Narendra Modi purchased a‚Ä¶"
83,"RT @ArunSharma_Says: Dr Manmohan Singh was a STRONGER Prime Minister than Narendra Modi!

RT if you agree ......"
84,"RT @ArunSharma_Says: Dr Manmohan Singh was a STRONGER Prime Minister than Narendra Modi!

RT if you agree ......"
85,"RT @Reuters: Faced with the protests, Prime Minister Narendra Modi‚Äôs government offered to suspend the laws for 18 months, but the farmers‚Ä¶"
86,"RT @ArunSharma_Says: Dr Manmohan Singh was a STRONGER Prime Minister than Narendra Modi!

RT if you agree ......"
87,"RT @mannkibaat: PM Shri Narendra Modi bought this handcrafted Gond Paper Painting today. It merges colours and creativity. 

Art by our tri‚Ä¶"
88,"RT @ArunSharma_Says: Dr Manmohan Singh was a STRONGER Prime Minister than Narendra Modi!

RT if you agree ......"
89,@CricCrazyJohns Most people watched it to see the new Narendra Modi stadium
90,"RT @ArunSharma_Says: Dr Manmohan Singh was a STRONGER Prime Minister than Narendra Modi!

RT if you agree ......"
91,"RT @Deshbhakt_walte: @GauravPandhi ""If you recall, 70 years ago, we were ruled by the British. Who is Narendra Modi compared to the British‚Ä¶"
92,RT @sandipr38164036: It‚Äôs high time for PM Narendra Modi to intervene in  states like UP and MP instead of preaching sermons about Women Se‚Ä¶
93,"NAMO's party steals photographs from CPI(M) Brigade rally to cover up his flop show.
https://t.co/WWybAewQbo"
94,"RT @Muthuraman_RSS: PM Narendra Modi lauds Mangaluru-based cardiologist for his selfless service
https://t.co/BLY6ngPsK7 https://t.co/azYj7‚Ä¶"
95,"RT @ArunSharma_Says: Dr Manmohan Singh was a STRONGER Prime Minister than Narendra Modi!

RT if you agree ......"
96,"RT @mannkibaat: PM Shri Narendra Modi purchased an exquisite hand embroidered Shawl made by artisans of the Toda Tribe of Tamil Nadu.

You‚Ä¶"
97,RT @AsitDas34633121: It‚Äôs high time for PM Narendra Modi to intervene in  states like UP and MP instead of preaching sermons about Women Se‚Ä¶
98,"RT @mannkibaat: ""Women are playing a leading role in India‚Äôs quest to become Aatmanirbhar. 

On International Women‚Äôs Day, let us commit to‚Ä¶"
99,"RT @sunny_hundal: ""India's illiberal slide has been steady and now swift under Prime Minister Narendra Modi and his BJP government"" 

- Far‚Ä¶"
100,RT @Anuragkukreti7: Narendra Modi's best contribution to India are the 6 hours for which he sleeps everyday!
